Transaction Date,Posted Date,Card No.,Description,Category,Debit,Credit
2023-03-13,2023-03-13,7642,IC* INSTACART,Merchandise,120.33,
2023-03-12,2023-03-13,7642,GOOGLE*DOMAINS,Internet,12.00,
2023-03-12,2023-03-13,7642,FOOD ATMEZZE AND MORE,Dining,22.52,
2023-03-11,2023-03-13,7642,GEORGES MARKET,Merchandise,5.42,
2023-03-12,2023-03-13,7642,SQUARESPACE INC.,Internet,23.00,
2023-03-12,2023-03-13,7642,SHANGHAI DUMPLING KING,Dining,52.14,
2023-03-11,2023-03-13,7642,FREDS LIQUOR AND DELI,Merchandise,3.00,
2023-03-11,2023-03-13,7642,MICROSOFT*STORE,Internet,6.99,
2023-03-11,2023-03-13,7642,Amazon Prime,Other Services,,16.28
2023-03-10,2023-03-13,7642,FREDS LIQUOR AND DELI,Merchandise,5.25,
2023-03-11,2023-03-11,7642,LS HEALTHY SPIRITS,Merchandise,46.69,
2023-03-08,2023-03-11,7642,AL HAMRA,Dining,13.00,
2023-03-09,2023-03-11,7642,K&H Liquors,Merchandise,1.56,
2023-03-10,2023-03-11,7642,SQ *BOBA GUYS HAYES VALLE,Dining,16.38,
2023-03-10,2023-03-11,7642,KICKSTARTER.COM,Merchandise,47.00,
2023-03-09,2023-03-10,7642,CHIPOTLE 0839,Dining,14.28,
2023-03-09,2023-03-10,7642,CMSVEND*CV SAN JOSE,Dining,1.25,
2023-03-08,2023-03-10,7642,FREDS LIQUOR AND DELI,Merchandise,3.00,
2023-03-09,2023-03-10,7642,HEROKU* FEB-79705100,Merchandise,1.35,
2023-03-07,2023-03-08,7642,FREDS LIQUOR AND DELI,Merchandise,8.99,
2023-03-07,2023-03-08,7642,FOOD ATMEZZE AND MORE,Dining,28.70,
2023-03-06,2023-03-08,7642,24 HOUR FITNESS - 545 - P,Entertainment,3.49,
2023-03-07,2023-03-07,7642,IC* INSTACART,Merchandise,133.11,
2023-03-06,2023-03-07,7642,FREDS LIQUOR AND DELI,Merchandise,7.25,
2023-03-05,2023-03-07,7642,DANCING YAK,Dining,71.99,
2023-03-06,2023-03-07,7642,UBER   TRIP,Other Travel,30.98,
2023-03-05,2023-03-06,7642,FREDS LIQUOR AND DELI,Merchandise,5.98,
2023-03-05,2023-03-06,7642,UBER   TRIP,Other Travel,5.00,
2023-03-05,2023-03-06,7642,LYFT   RIDE SAT 3PM,Other Travel,37.79,
2023-03-04,2023-03-06,7642,LUCKY BOY HAMBURGERS INC,Dining,16.29,
2023-03-04,2023-03-06,7642,CVS/PHARMACY #09563,Health Care,7.81,
2023-03-04,2023-03-06,7642,SHOPIFY* 171115792,Merchandise,1.00,
2023-03-03,2023-03-04,7642,SUNSETNEWSST2620,Merchandise,5.79,
2023-03-03,2023-03-04,7642,TWO SONS SANDWICHES,Dining,67.56,
2023-03-04,2023-03-04,7642,LS HEALTHY SPIRITS,Merchandise,106.43,
2023-03-01,2023-03-04,7642,AL HAMRA,Dining,13.00,
2023-03-03,2023-03-04,7642,SQ *FOUR BARREL COFFEE VA,Dining,18.14,
2023-03-02,2023-03-04,7642,GEORGES MARKET,Merchandise,5.42,
2023-03-03,2023-03-04,7642,FREDS LIQUOR AND DELI,Merchandise,8.99,
2023-03-02,2023-03-03,7642,CHIPOTLE 0839,Dining,13.04,
2023-03-02,2023-03-03,7642,CVS/PHARMACY #10164,Health Care,24.53,
2023-03-02,2023-03-03,7642,CMSVEND*CV SAN JOSE,Dining,1.25,
2023-03-02,2023-03-03,7642,Amazon web services,Other Services,57.83,
2023-03-02,2023-03-03,7642,365 Market J 888 432-3299,Dining,1.81,
2023-03-02,2023-03-03,7642,365 Market J 888 432-3299,Dining,4.96,
2023-03-02,2023-03-03,7642,365 Market J 888 432-3299,Dining,1.89,
2023-03-02,2023-03-03,7642,365 Market J 888 432-3299,Dining,1.89,
2023-03-01,2023-03-02,7642,FREDS LIQUOR AND DELI,Merchandise,14.50,
2023-02-28,2023-03-01,7642,FREDS LIQUOR AND DELI,Merchandise,5.25,
2023-02-27,2023-03-01,7642,24 HOUR FITNESS - 545 - P,Entertainment,3.49,
2023-02-27,2023-02-28,7642,SQ *TACO AGUILAR,Dining,23.33,
2023-02-26,2023-02-28,7642,FREDS LIQUOR AND DELI,Merchandise,3.25,
2023-02-26,2023-02-28,7642,24 HOUR FITNESS - 545 - P,Entertainment,3.49,
2023-02-26,2023-02-27,7642,LAZ PARKING 680399-WC,Gas/Automotive,2.00,
2023-02-26,2023-02-27,7642,E AND M MARKET,Merchandise,3.44,
2023-02-26,2023-02-27,7642,FREDS LIQUOR AND DELI,Merchandise,3.00,
2023-02-26,2023-02-27,7642,SQ *THE SYCAMORE,Dining,20.58,
2023-02-25,2023-02-27,7642,DEJA VU PIZZA & PASTA,Dining,7.90,
2023-02-25,2023-02-27,7642,PANCHITAS RESTAURANT #2,Dining,23.32,
2023-02-26,2023-02-27,7642,LAZY BEAR,Dining,272.43,
2023-02-25,2023-02-27,7642,SQ *FOUR BARREL COFFEE VA,Dining,13.76,
2023-02-25,2023-02-27,7642,UBER   TRIP,Other Travel,9.97,
2023-02-25,2023-02-25,7642,SQ *ZEITGEIST,Dining,20.17,
2023-02-24,2023-02-25,7642,ELENA HEREDIA DDS,Health Care,217.00,
2023-02-25,2023-02-25,7642,LS HEALTHY SPIRITS,Merchandise,21.71,
2023-02-23,2023-02-25,7642,FREDS LIQUOR AND DELI,Merchandise,6.99,
2023-02-23,2023-02-24,7642,CHIPOTLE 0839,Dining,14.28,
2023-02-23,2023-02-24,7642,CMSVEND*CV SAN JOSE,Dining,1.25,
2023-02-22,2023-02-24,7642,24 HOUR FITNESS - 545 - P,Entertainment,4.88,
2023-02-23,2023-02-23,7642,LS HEALTHY SPIRITS,Merchandise,16.38,
2023-02-22,2023-02-23,7642,Prime Video*HP6J25XU1,Entertainment,8.99,
2023-02-22,2023-02-23,7642,FOOD ATMEZZE AND MORE,Dining,18.81,
2023-02-21,2023-02-23,7642,FREDS LIQUOR AND DELI,Merchandise,4.99,
2023-02-21,2023-02-22,7642,PORT JLS PARKING,Other Services,7.50,
2023-02-21,2023-02-22,7642,FREDS LIQUOR AND DELI,Merchandise,3.00,
2023-02-21,2023-02-22,7642,BUTTERCUP DINER,Dining,39.85,
2023-02-20,2023-02-22,7642,24 HOUR FITNESS - 545 - P,Entertainment,4.88,
2023-02-20,2023-02-21,7642,SQ *BELLADI KITCHEN,Merchandise,28.70,
2023-02-19,2023-02-21,7642,MTA METER MTA MCKAY,Gas/Automotive,1.00,
2023-02-20,2023-02-21,7642,FREDS LIQUOR AND DELI,Merchandise,5.98,
2023-02-18,2023-02-21,7642,AL HAMRA,Dining,45.00,
2023-02-20,2023-02-21,7642,TST* Flour Water Pasta Sh,Dining,6.98,
2023-02-19,2023-02-20,7642,SQ *PHILZ COFFEE,Dining,14.10,
2023-02-19,2023-02-20,7642,FREDS LIQUOR AND DELI,Merchandise,2.74,
2023-02-18,2023-02-20,7642,FREDS LIQUOR AND DELI,Merchandise,6.00,
2023-02-18,2023-02-20,7642,SQ *BAREBOTTLE BREWING CO,Merchandise,11.58,
2023-02-18,2023-02-20,7642,SQ *EL FUEGO AUTHENTIC ME,Dining,13.69,
2023-02-18,2023-02-20,7642,SQ *BAREBOTTLE BREWING CO,Merchandise,23.15,
2023-02-18,2023-02-20,7642,SQ *BAREBOTTLE BREWING CO,Merchandise,11.58,
2023-02-17,2023-02-18,7642,CASA LATINA MARKET,Merchandise,6.77,
2023-02-17,2023-02-18,7642,SQ *FOODHALL,Dining,4.24,
2023-02-17,2023-02-18,7642,FREDS LIQUOR AND DELI,Merchandise,5.25,
2023-02-17,2023-02-18,7642,Amazon Prime*HE5AS8DR2,Other Services,16.28,
2023-02-16,2023-02-18,7642,K&H Liquors,Merchandise,3.12,
2023-02-17,2023-02-18,7642,UBER   TRIP,Other Travel,16.45,
2023-02-17,2023-02-18,7642,UBER   TRIP,Other Travel,13.97,
2023-02-17,2023-02-17,7642,CAPITAL ONE MOBILE PYMT,Payment/Credit,,7417.97
2023-02-16,2023-02-17,7642,CHIPOTLE 0839,Dining,14.28,
2023-02-16,2023-02-17,7642,CMSVEND*CV SAN JOSE,Dining,1.25,
2023-02-13,2023-02-16,7642,AL HAMRA,Dining,13.00,
2023-02-15,2023-02-16,7642,SQ *TACO AGUILAR,Dining,15.55,
2023-02-15,2023-02-15,7642,APPLE.COM/US,Merchandise,4674.79,
2023-02-15,2023-02-15,7642,APPLE.COM/US,Merchandise,399.00,
2023-02-13,2023-02-15,7642,24 HOUR FITNESS - 545 - P,Entertainment,4.88,
2023-02-14,2023-02-14,7642,AMZN Mktp US*HE10L39M0,Merchandise,50.70,
2023-02-13,2023-02-14,7642,FREDS LIQUOR AND DELI,Merchandise,2.99,
2023-02-12,2023-02-14,7642,FREDS LIQUOR AND DELI,Merchandise,24.45,
2023-02-13,2023-02-14,7642,AMZN Mktp US*H97G99WN2,Merchandise,14.11,
2023-02-13,2023-02-13,7642,UBER   LITTLESTARPI,Dining,10.15,
2023-02-13,2023-02-13,7642,UBER   EATS,Dining,54.67,
2023-02-12,2023-02-13,7642,FREDS LIQUOR AND DELI,Merchandise,5.25,
2023-02-11,2023-02-13,7642,24 HOUR FITNESS - 545 - P,Entertainment,4.88,
2023-02-11,2023-02-13,7642,SQ *FOODHALL,Dining,5.49,
2023-02-10,2023-02-13,7642,FREDS LIQUOR AND DELI,Merchandise,16.76,
2023-02-11,2023-02-11,7642,IC* SAFEWAY VIA INSTAC,Merchandise,140.13,
2023-02-08,2023-02-11,7642,AL HAMRA,Dining,20.50,
2023-02-09,2023-02-11,7642,FREDS LIQUOR AND DELI,Merchandise,7.57,
2023-02-09,2023-02-10,7642,CHIPOTLE 0839,Dining,17.54,
2023-02-09,2023-02-10,7642,CMSVEND*CV SAN JOSE,Dining,1.25,
2023-02-09,2023-02-10,7642,CMSVEND*CV SAN JOSE,Dining,1.25,
2023-02-08,2023-02-10,7642,24 HOUR FITNESS - 545 - P,Entertainment,3.49,
2023-02-08,2023-02-09,7642,SFMTA CIT PYMNT WEB,Other,87.00,
2023-02-07,2023-02-09,7642,AVIS RENT A CAR,Car Rental,246.87,
2023-02-08,2023-02-09,7642,SP SAXX UNDERWEAR,Merchandise,95.68,
2023-02-07,2023-02-09,7642,UNITED      0169830026280,Airfare,31.20,
2023-02-07,2023-02-08,7642,SUBWAY SUES INT 1,Dining,18.50,
2023-02-07,2023-02-08,7642,ESTACION ESTADIO,Gas/Automotive,18.48,
2023-02-05,2023-02-07,7642,UNITED      0169829503242,Airfare,49.50,
2023-02-02,2023-02-04,7642,OXXO AMECA,Merchandise,7.59,
2023-02-03,2023-02-04,7642,Amazon web services,Other Services,83.90,
2023-02-02,2023-02-03,7642,3934 NETO AMECAMECA,Merchandise,7.78,
2023-02-02,2023-02-03,7642,FARM LA POPULAR,Health Care,0.65,
2023-02-02,2023-02-03,7642,GASOL VOLCANES 1,Gas/Automotive,9.95,
2023-02-02,2023-02-03,7642,DR PIZZA CONDESA,Dining,26.91,
2023-02-01,2023-02-03,7642,PARQUE MEXICO EL MORO,Dining,2.15,
2023-02-01,2023-02-03,7642,OXXO AMSTERDAM,Merchandise,1.53,
2023-02-02,2023-02-03,7642,SHOPIFY* 167438653,Merchandise,1.00,
2023-02-01,2023-02-02,7642,EL ENCANTO GOURMET,Dining,7.59,
2023-02-01,2023-02-02,7642,NETPAY*TAQUERIAORINOCO,Dining,10.50,
2023-01-31,2023-02-02,7642,T EXTRA CONDESA,Merchandise,0.59,
2023-01-31,2023-02-01,7642,EL ENCANTO GOURMET,Dining,3.89,
2023-01-30,2023-02-01,7642,EL ENCANTO GOURMET,Dining,5.13,
2023-01-30,2023-02-01,7642,EL ENCANTO GOURMET,Dining,5.77,
2023-01-30,2023-01-31,7642,THE CAPIT GRILLE REF,Dining,136.52,
2023-01-30,2023-01-31,7642,ZTL*PASIONPORLOSHELADO,Merchandise,9.39,
2023-01-29,2023-01-31,7642,OXXO VALADOLID,Merchandise,6.36,
2023-01-29,2023-01-31,7642,OXXO OBREGON II,Merchandise,0.83,
2023-01-27,2023-01-31,7642,AL HAMRA,Dining,28.75,
2023-01-30,2023-01-31,7642,AIRBNB  HMN8JFDZAE,Other Travel,382.02,
2023-01-29,2023-01-30,7642,SUPRA ROMA 1,Dining,10.69,
2023-01-28,2023-01-30,7642,EL CALIFA ALVARO OBREG,Dining,24.69,
2023-01-28,2023-01-30,7642,BAR ORIENTE,Dining,15.98,
2023-01-29,2023-01-30,7642,CAFE NIN,Dining,33.38,
2023-01-29,2023-01-30,7642,BP*VENTAS AL DETALLE,Merchandise,7.99,
2023-01-27,2023-01-30,7642,K&H Liquors,Merchandise,3.64,
2023-01-28,2023-01-30,7642,EXTRA K ALVARO OBREGON,Merchandise,2.78,
2023-01-28,2023-01-30,7642,UNITED      0169827700451,Airfare,35.00,
2023-01-28,2023-01-30,7642,HUDSONNEWS ST1453,Merchandise,4.00,
2023-01-28,2023-01-30,7642,OPLINEA*ELHABANERITO,Merchandise,36.81,
2023-01-27,2023-01-30,7642,FREDS LIQUOR AND DELI,Merchandise,2.25,
2023-01-27,2023-01-28,7642,SQ *FOUR BARREL COFFEE VA,Dining,6.09,
2023-01-26,2023-01-28,7642,DUMPLING UNION,Dining,75.60,
2023-01-26,2023-01-28,7642,FREDS LIQUOR AND DELI,Merchandise,4.00,
2023-01-27,2023-01-27,7642,MPIX,Other Services,37.83,
2023-01-26,2023-01-27,7642,SQ *SHAKE SHACK,Dining,8.29,
2023-01-26,2023-01-27,7642,FREDS LIQUOR AND DELI,Merchandise,3.49,
2023-01-26,2023-01-27,7642,AIRBNB  HMXWNXJ2KK,Other Travel,,457.03
2023-01-25,2023-01-27,7642,5221 GREAT CLIPS AT DIAMO,Other Services,32.00,
2023-01-26,2023-01-27,7642,FREDS LIQUOR AND DELI,Merchandise,2.99,
2023-01-25,2023-01-26,7642,SQ *TAQUERIA LA CUMBRE SF,Dining,14.99,
2023-01-25,2023-01-26,7642,CREIGHTONS BAKERY CAFE,Dining,10.65,
2023-01-25,2023-01-26,7642,FREDS LIQUOR AND DELI,Merchandise,5.24,
2023-01-24,2023-01-26,7642,AL HAMRA,Dining,20.53,
2023-01-25,2023-01-26,7642,AMZN Mktp US*AO17O8DA3,Merchandise,27.14,
2023-01-24,2023-01-25,7642,FREDS LIQUOR AND DELI,Merchandise,4.75,
2023-01-22,2023-01-25,7642,CA DMV FEE,Other Services,0.76,
2023-01-22,2023-01-25,7642,CA DMV FEE,Other Services,3.67,
2023-01-23,2023-01-25,7642,FREDS LIQUOR AND DELI,Merchandise,5.99,
2023-01-23,2023-01-25,7642,24 HOUR FITNESS - 545 - P,Entertainment,3.00,
2023-01-23,2023-01-24,7642,CASA LATINA MARKET,Merchandise,5.52,
2023-01-23,2023-01-24,7642,SQ *FOUR BARREL COFFEE VA,Dining,13.13,
2023-01-22,2023-01-24,7642,STATE OF CALIF DMV INT SC,Other Services,39.00,
2023-01-22,2023-01-24,7642,STATE OF CALIF DMV INT SC,Other Services,188.00,
2023-01-23,2023-01-24,7642,AMZN Mktp US*VU3127523,Merchandise,65.12,
2023-01-23,2023-01-23,7642,CAPITAL ONE MOBILE PYMT,Payment/Credit,,4535.02
2023-01-22,2023-01-23,7642,RED JADE RESTAURANT,Dining,82.50,
2023-01-22,2023-01-23,7642,DRAGONEATS,Dining,25.53,
2023-01-22,2023-01-23,7642,FREDS LIQUOR AND DELI,Merchandise,1.75,
2023-01-22,2023-01-23,7642,SQ *MILK - SF LLC,Dining,4.89,
2023-01-22,2023-01-23,7642,Prime Video*AD4419WJ3,Entertainment,8.99,
2023-01-21,2023-01-23,7642,TST* SAN HO WON,Dining,218.93,
2023-01-20,2023-01-23,7642,FREDS LIQUOR AND DELI,Merchandise,2.99,
2023-01-21,2023-01-21,7642,K AND D MARKET,Merchandise,20.11,
2023-01-20,2023-01-21,7642,SQ *MEZZE AND MOOORE,Merchandise,18.73,
2023-01-20,2023-01-21,7642,SQ *MILK - SF LLC,Dining,4.89,
2023-01-19,2023-01-21,7642,FREDS LIQUOR AND DELI,Merchandise,2.25,
2023-01-18,2023-01-19,7642,SQ *STREET MEET TAC,Dining,16.88,
2023-01-18,2023-01-19,7642,STORE*BURMA LOVE,Dining,24.66,
2023-01-17,2023-01-18,7642,FREDS LIQUOR AND DELI,Merchandise,7.75,
2023-01-17,2023-01-18,7642,Amazon Prime*GE5FX8B93,Other Services,16.28,
2023-01-16,2023-01-18,7642,24 HOUR FITNESS - 545 - P,Entertainment,4.88,
2023-01-16,2023-01-17,7642,SQ *FOODHALL,Dining,4.24,
2023-01-16,2023-01-17,7642,FREDS LIQUOR AND DELI,Merchandise,9.92,
2023-01-16,2023-01-17,7642,CALIFORNIA SKIN INSTITUT,Health Care,155.06,
2023-01-16,2023-01-17,7642,TOCK ATLAZY BEAR,Dining,771.32,
2023-01-16,2023-01-17,7642,IC* INSTACART,Merchandise,79.08,
2023-01-13,2023-01-17,7642,AL HAMRA,Dining,20.51,
2023-01-16,2023-01-16,7642,Etsy.com - C2AtelierMocku,Merchandise,4.07,
2023-01-15,2023-01-16,7642,JASMINE GARDEN,Dining,54.53,
2023-01-15,2023-01-16,7642,FREDS LIQUOR AND DELI,Merchandise,4.75,
2023-01-14,2023-01-16,7642,LERS ROS - 16TH STREET,Dining,36.48,
2023-01-14,2023-01-16,7642,FREDS LIQUOR AND DELI,Merchandise,3.99,
2023-01-14,2023-01-16,7642,FREDS LIQUOR AND DELI,Merchandise,2.29,
2023-01-13,2023-01-16,7642,TARGET        00027664,Merchandise,162.93,
2023-01-13,2023-01-14,7642,SQ *F&M SMOKES & WINE,Merchandise,12.25,
2023-01-13,2023-01-13,7642,LS HEALTHY SPIRITS,Merchandise,16.38,
2023-01-12,2023-01-12,7642,SQ *TAQUERIA EL BUEN SABO,Dining,15.31,
2023-01-11,2023-01-12,7642,SPOTLITE MARKET,Merchandise,5.20,
2023-01-09,2023-01-12,7642,AL HAMRA,Dining,12.00,
2023-01-11,2023-01-12,7642,MPIX,Other Services,20.60,
2023-01-11,2023-01-12,7642,FREDS LIQUOR AND DELI,Merchandise,3.25,
2023-01-10,2023-01-11,7642,SQ *STREET MEET TAC,Dining,16.88,
2023-01-09,2023-01-11,7642,UNITED      0169823199777,Airfare,16.00,
2023-01-09,2023-01-11,7642,UNITED      0162457656483,Airfare,164.40,
2023-01-09,2023-01-11,7642,UNITED      0162457656059,Airfare,482.31,
2023-01-10,2023-01-11,7642,FREDS LIQUOR AND DELI,Merchandise,3.25,
2023-01-09,2023-01-11,7642,24 HOUR FITNESS - 545 - P,Entertainment,2.50,
2023-01-08,2023-01-10,7642,SPOTLITE MARKET,Merchandise,3.12,
2023-01-08,2023-01-09,7642,SQ *TAQUERIA EL BUEN SABO,Dining,13.36,
2023-01-08,2023-01-09,7642,AIRBNB  HMXWNXJ2KK,Other Travel,1828.15,
2023-01-07,2023-01-09,7642,24 HOUR FITNESS - 545 - P,Entertainment,4.88,
2023-01-07,2023-01-09,7642,SQ *FOODHALL,Dining,6.74,
2023-01-08,2023-01-09,7642,IC* SAFEWAY VIA INSTAC,Merchandise,162.53,
2023-01-07,2023-01-09,7642,SQ *MILK - SF LLC,Dining,5.57,
2023-01-07,2023-01-09,7642,SQ *MILK - SF LLC,Dining,32.80,
2023-01-07,2023-01-09,7642,FREDS LIQUOR AND DELI,Merchandise,2.50,
2023-01-07,2023-01-09,7642,TST* Menya Kanemaru,Dining,86.77,
2023-01-06,2023-01-07,7642,TANGLAD,Dining,26.15,
2023-01-06,2023-01-07,7642,FREDS LIQUOR AND DELI,Merchandise,5.25,
2023-01-05,2023-01-06,7642,CHIPOTLE 0839,Dining,14.28,
2023-01-05,2023-01-06,7642,CMSVEND*CV BAY AREA VEND,Dining,1.00,
2023-01-05,2023-01-06,7642,CMSVEND*CV SAN JOSE,Dining,1.25,
2023-01-06,2023-01-06,7642,LS HEALTHY SPIRITS,Merchandise,10.94,
2023-01-04,2023-01-05,7642,SQ *STREET MEET TAC,Dining,16.88,
2023-01-04,2023-01-05,7642,SQ *FOUR BARREL COFFEE VA,Dining,4.59,
2023-01-04,2023-01-05,7642,FREDS LIQUOR AND DELI,Merchandise,5.00,
2023-01-04,2023-01-04,7642,CAPITAL ONE MOBILE PYMT,Payment/Credit,,1776.55
2023-01-04,2023-01-04,7642,MPIX,Other Services,16.73,
2023-01-03,2023-01-04,7642,FREDS LIQUOR AND DELI,Merchandise,2.79,
2023-01-03,2023-01-04,7642,FREDS LIQUOR AND DELI,Merchandise,5.25,
2023-01-02,2023-01-04,7642,BURMA LOVE RESTAURANT,Dining,50.56,
2023-01-03,2023-01-04,7642,SHOPIFY* 163766033,Merchandise,1.00,
2023-01-03,2023-01-04,7642,SP DIGITAL PET ART,Merchandise,24.00,
2023-01-03,2023-01-04,7642,FASTRAK VIOLATION CENT,Gas/Automotive,7.00,
2023-01-03,2023-01-03,7642,Amazon web services,Other Services,148.82,
2022-12-31,2023-01-03,7642,DANCING YAK,Dining,86.11,
2023-01-02,2023-01-02,7642,MPIX,Other Services,35.34,
2022-12-31,2023-01-02,7642,FREDS LIQUOR AND DELI,Merchandise,7.25,
2023-01-01,2023-01-02,7642,SHOPIFY* 163421981,Merchandise,15.00,
2022-12-31,2023-01-02,7642,JETBLUE     2794411533305,Airfare,35.00,
2022-12-31,2023-01-02,7642,JETBLUE     2794411533304,Airfare,35.00,
2022-12-30,2023-01-02,7642,FOOD COURT,Dining,39.27,
2022-12-29,2022-12-29,7642,MPIX,Other Services,53.70,
2022-12-28,2022-12-29,7642,MPIX,Other Services,20.38,
2022-12-27,2022-12-29,7642,SOUTHERN TABLE,Dining,325.75,
2022-12-25,2022-12-27,7642,EXXONMOBIL    48085724,Gas/Automotive,40.03,
2022-12-24,2022-12-26,7642,ART OF WINE,Merchandise,36.83,
2022-12-23,2022-12-24,7642,TARGET        00019547,Merchandise,82.21,
2022-12-21,2022-12-23,7642,TURNTABLE,Dining,169.48,
2022-12-22,2022-12-23,7642,Prime Video*V560Y0CU3,Entertainment,8.99,
2022-12-21,2022-12-23,7642,MTA*MNR STATION TIX,Other Travel,29.50,
2022-12-21,2022-12-22,7642,DONS BOGAM,Dining,101.88,
2022-12-21,2022-12-21,7642,AMZN Mktp US*SW9U09BO3,Merchandise,39.56,
2022-12-20,2022-12-20,7642,AMZN Mktp US*QF94H6BG3,Merchandise,107.70,
2022-12-18,2022-12-19,7642,LUSH 12 OAKS (639),Merchandise,9.81,
2022-12-18,2022-12-19,7642,AMZN Mktp US*HR9D89T43,Merchandise,29.80,
2022-12-17,2022-12-19,7642,AMZNMktplace,Merchandise,79.27,
2022-12-17,2022-12-19,7642,Amazon Prime*X04A189I3,Other Services,16.28,
2022-12-17,2022-12-19,7642,WESTELM.COM,Merchandise,100.79,
2022-12-16,2022-12-19,7642,SQ *THE WILLOWS,Dining,24.05,
2022-12-16,2022-12-19,7642,SQ *THE WILLOWS,Dining,21.65,
2022-12-16,2022-12-19,7642,SQ *THE WILLOWS,Dining,12.59,
2022-12-16,2022-12-19,7642,QDOBA 1775,Dining,12.39,
2022-12-17,2022-12-17,7642,CAPITAL ONE MOBILE PYMT,Payment/Credit,,3329.49
2022-12-16,2022-12-17,7642,49 MILE MARKET ST2031,Merchandise,25.24,
2022-12-15,2022-12-17,7642,KFC/TB #146,Dining,20.13,
2022-12-15,2022-12-17,7642,FREDS LIQUOR AND DELI,Merchandise,6.75,
2022-12-16,2022-12-16,7642,GOOGLE *Colab,Other Services,10.83,
2022-12-15,2022-12-16,7642,LS HEALTHY SPIRITS,Merchandise,32.58,
2022-12-15,2022-12-16,7642,60776-SFO PREPAID PARKING,Gas/Automotive,285.00,
2022-12-14,2022-12-16,7642,FREDS LIQUOR AND DELI,Merchandise,3.25,
2022-12-14,2022-12-15,7642,FREDS LIQUOR AND DELI,Merchandise,5.25,
2022-12-14,2022-12-15,7642,SQ *MEZZE AND MOOORE,Merchandise,19.55,
2022-12-13,2022-12-15,7642,FREDS LIQUOR AND DELI,Merchandise,1.00,
2022-12-13,2022-12-15,7642,FREDS LIQUOR AND DELI,Merchandise,3.50,
2022-12-13,2022-12-14,7642,SQ *FOUR BARREL COFFEE VA,Dining,5.24,
2022-12-12,2022-12-13,7642,SQ *TAQUERIA LA CUMBRE SF,Dining,15.61,
2022-12-11,2022-12-13,7642,FRED S LIQUOR & DELI,Merchandise,5.25,
2022-12-11,2022-12-13,7642,PURPLE RICE.,Dining,58.53,
2022-12-10,2022-12-13,7642,AL HAMRA,Dining,12.00,
2022-12-12,2022-12-13,7642,Etsy.com - AIPetArtwork,Merchandise,22.81,
2022-12-12,2022-12-13,7642,FACEBK GQ42PJFB22,Professional Services,25.11,
2022-12-10,2022-12-12,7642,THE BEEHIVE,Dining,63.83,
2022-12-10,2022-12-12,7642,JASMINE GARDEN,Dining,47.02,
2022-12-10,2022-12-12,7642,FASTRAK VIOLATION CENT,Gas/Automotive,18.80,
2022-12-10,2022-12-12,7642,SQ *DICKENS CHRISTMAS FAI,Entertainment,26.40,
2022-12-10,2022-12-12,7642,SQ *DICKENS CHRISTMAS FAI,Entertainment,20.40,
2022-12-10,2022-12-12,7642,SQ *DICKENS CHRISTMAS FAI,Entertainment,39.60,
2022-12-10,2022-12-12,7642,TST* TAISHOKEN RAMEN 2,Dining,130.59,
2022-12-10,2022-12-12,7642,PRINTIFY.COM,Other Services,16.42,
2022-12-08,2022-12-10,7642,FRED S LIQUOR & DELI,Merchandise,8.25,
2022-12-09,2022-12-10,7642,DD DOORDASH THEHALALG,Dining,37.33,
2022-12-08,2022-12-09,7642,MOUNTAIN MIKES PIZZA,Dining,19.45,
2022-12-07,2022-12-08,7642,CMSVEND*CV SAN JOSE,Dining,1.00,
2022-12-06,2022-12-08,7642,FRED S LIQUOR & DELI,Merchandise,4.75,
2022-12-06,2022-12-07,7642,SQ *STREET MEET TAC,Dining,16.88,
2022-12-05,2022-12-07,7642,FRED S LIQUOR & DELI,Merchandise,4.75,
2022-12-05,2022-12-06,7642,303 2ND ST PARKING GARAGE,Gas/Automotive,18.00,
2022-12-02,2022-12-06,7642,AL HAMRA,Dining,28.80,
2022-12-05,2022-12-06,7642,DRAGONEATS,Dining,13.69,
2022-12-04,2022-12-06,7642,PORK STORE CAFE VALENCIA,Dining,50.10,
2022-12-05,2022-12-05,7642,CAPITAL ONE MOBILE PYMT,Payment/Credit,,2374.58
2022-12-04,2022-12-05,7642,WALGREENS #4529,Health Care,0.25,
2022-12-03,2022-12-05,7642,THE WRECK ROOM,Dining,20.00,
2022-12-03,2022-12-05,7642,THE WRECK ROOM,Dining,166.80,
2022-12-04,2022-12-05,7642,AUDIO AND BERGERAC,Dining,1966.43,
2022-12-05,2022-12-05,7642,K AND D MARKET,Merchandise,20.57,
2022-12-03,2022-12-05,7642,ARCO#03002BIUON INC,Gas/Automotive,55.01,
2022-12-02,2022-12-05,7642,FRED S LIQUOR & DELI,Merchandise,6.99,
2022-12-02,2022-12-05,7642,FRED S LIQUOR & DELI,Merchandise,5.79,
2022-12-03,2022-12-05,7642,SQ *MILK - SF LLC,Dining,16.08,
2022-12-01,2022-12-03,7642,FRED S LIQUOR & DELI,Merchandise,8.88,
2022-12-02,2022-12-03,7642,Amazon web services,Other Services,300.82,
2022-12-01,2022-12-03,7642,VALMAR SUPERMARKET,Merchandise,19.83,
2022-12-01,2022-12-02,7642,SQ *MILK - SF LLC,Dining,8.96,
2022-11-30,2022-12-02,7642,5221 GREAT CLIPS AT DIAMO,Other Services,32.00,
2022-11-29,2022-12-01,7642,FRED S LIQUOR & DELI,Merchandise,4.38,
2022-11-30,2022-12-01,7642,CREIGHTONS BAKERY CAFE,Dining,14.55,
2022-11-30,2022-12-01,7642,Etsy.com - AIPetArtwork,Merchandise,17.38,
2022-11-30,2022-12-01,7642,PRINTIFY.COM,Other Services,16.42,
2022-11-29,2022-11-30,7642,FRED S LIQUOR & DELI,Merchandise,13.08,
2022-11-28,2022-11-30,7642,FRED S LIQUOR & DELI,Merchandise,5.25,
2022-11-28,2022-11-30,7642,FRED S LIQUOR & DELI,Merchandise,12.00,
2022-11-29,2022-11-30,7642,SQ *STREET MEET TAC,Dining,16.88,
2022-11-29,2022-11-30,7642,SQ *MILK - SF LLC,Dining,4.89,
2022-11-28,2022-11-30,7642,24 HOUR FITNESS - 545 - P,Entertainment,4.88,
2022-11-27,2022-11-29,7642,FRED S LIQUOR & DELI,Merchandise,7.99,
2022-11-28,2022-11-29,7642,SQ *FOUR BARREL COFFEE VA,Dining,5.30,
2022-11-28,2022-11-29,7642,TST* Terun Pizza - Palo A,Dining,348.28,
2022-11-26,2022-11-28,7642,FRED S LIQUOR & DELI,Merchandise,5.25,
2022-11-27,2022-11-28,7642,SQ *FOODHALL,Dining,5.49,
2022-11-26,2022-11-28,7642,24 HOUR FITNESS - 545 - P,Entertainment,4.88,
2022-11-27,2022-11-28,7642,IC* INSTACART,Merchandise,57.16,
2022-11-26,2022-11-28,7642,SQ *FOODHALL,Dining,20.60,
2022-11-25,2022-11-28,7642,FRED S LIQUOR & DELI,Merchandise,6.00,
2022-11-26,2022-11-28,7642,EB EDX,Other Services,195.30,
2022-11-26,2022-11-26,7642,RED JADE RESTAURANT,Dining,42.00,
2022-11-25,2022-11-26,7642,OAKLAND PARK METER IPS,Other Services,4.00,
2022-11-25,2022-11-26,7642,OAKLAND PARK METER IPS,Other Services,4.00,
2022-11-25,2022-11-25,7642,Prime Video *HW2HD5XC1,Entertainment,5.99,
2022-11-24,2022-11-25,7642,WHOLEFDS CAS #10396,Merchandise,21.99,
2022-11-24,2022-11-25,7642,LS HEALTHY SPIRITS,Merchandise,51.04,
2022-11-22,2022-11-25,7642,FRED S LIQUOR & DELI,Merchandise,5.25,
2022-11-21,2022-11-23,7642,FRED S LIQUOR & DELI,Merchandise,5.50,
2022-11-22,2022-11-23,7642,Prime Video*HW15Z6N01,Entertainment,8.99,
2022-11-22,2022-11-23,7642,SQ *FOUR BARREL COFFEE VA,Dining,6.57,
2022-11-22,2022-11-23,7642,SQ *MILK - SF LLC,Dining,5.79,
2022-11-20,2022-11-22,7642,FRED S LIQUOR & DELI,Merchandise,4.75,
2022-11-20,2022-11-22,7642,FRED S LIQUOR & DELI,Merchandise,6.99,
2022-11-19,2022-11-21,7642,FRED S LIQUOR & DELI,Merchandise,1.75,
2022-11-20,2022-11-21,7642,IC* SAFEWAY VIA INSTAC,Merchandise,113.45,
2022-11-20,2022-11-21,7642,SQ *FOUR BARREL COFFEE VA,Dining,14.02,
2022-11-19,2022-11-21,7642,PORK STORE CAFE VALENCIA,Dining,55.31,
2022-11-18,2022-11-21,7642,BOND BAR AND LOUNGE,Dining,22.32,
2022-11-18,2022-11-21,7642,BOND BAR AND LOUNGE,Dining,12.30,
2022-11-18,2022-11-21,7642,BOND BAR AND LOUNGE,Dining,34.87,
2022-11-20,2022-11-21,7642,STORE*BURMA LOVE,Dining,24.66,
2022-11-18,2022-11-21,7642,FRED S LIQUOR & DELI,Merchandise,19.58,
2022-11-18,2022-11-21,7642,PURPLE RICE.,Dining,178.29,
2022-11-18,2022-11-21,7642,NOCNOC,Dining,30.00,
2022-11-18,2022-11-19,7642,SQ *STREET MEET TAC,Dining,16.88,
2022-11-17,2022-11-19,7642,TAQUERIA PANCHO VILLA,Dining,14.45,
2022-11-18,2022-11-19,7642,Etsy.com - AIPetArtwork,Merchandise,15.00,
2022-11-18,2022-11-19,7642,MPIX,Other Services,40.93,
2022-11-17,2022-11-18,7642,CHIPOTLE 0839,Dining,16.19,
2022-11-17,2022-11-18,7642,CMSVEND*CV SAN JOSE,Dining,1.25,
2022-11-17,2022-11-18,7642,Amazon Prime*HI9VO95S0,Other Services,16.28,
2022-11-15,2022-11-18,7642,AL HAMRA,Dining,14.45,
2022-11-16,2022-11-18,7642,24 HOUR FITNESS - 545 - P,Entertainment,4.88,
2022-11-15,2022-11-17,7642,FRED S LIQUOR & DELI,Merchandise,4.75,
2022-11-13,2022-11-17,7642,AL HAMRA,Dining,48.59,
2022-11-16,2022-11-17,7642,Etsy.com - AIPetArtwork,Merchandise,15.00,
2022-11-15,2022-11-16,7642,SQ *SCOOP MICROCREAMERY,Dining,16.64,
2022-11-16,2022-11-16,7642,GOOGLE *Colab,Entertainment,10.83,
2022-11-14,2022-11-16,7642,FRED S LIQUOR & DELI,Merchandise,3.99,
2022-11-14,2022-11-16,7642,FRED S LIQUOR & DELI,Merchandise,3.00,
2022-11-15,2022-11-16,7642,LYFT   RIDE TUE 3AM,Other Travel,58.02,
2022-11-13,2022-11-15,7642,FRED S LIQUOR & DELI,Merchandise,4.50,
2022-11-15,2022-11-15,7642,LS HEALTHY SPIRITS,Merchandise,13.11,
2022-11-13,2022-11-14,7642,DNA LOUNGE,Dining,15.60,
2022-11-12,2022-11-14,7642,DNA LOUNGE,Dining,37.20,
2022-11-12,2022-11-14,7642,FRED S LIQUOR & DELI,Merchandise,1.00,
2022-11-11,2022-11-14,7642,SUGAR LOUNGE,Dining,15.00,
2022-11-12,2022-11-14,7642,Etsy.com - AIPetArtwork,Merchandise,50.98,
2022-11-11,2022-11-14,7642,FRED S LIQUOR & DELI,Merchandise,5.16,
2022-11-10,2022-11-12,7642,FRED S LIQUOR & DELI,Merchandise,6.75,
2022-11-11,2022-11-12,7642,TWO SONS SANDWICHES,Dining,2.00,
2022-11-12,2022-11-12,7642,LS HEALTHY SPIRITS,Merchandise,19.67,
2022-11-11,2022-11-12,7642,THE BEEHIVE,Dining,42.55,
2022-11-11,2022-11-12,7642,SQ *MILK - SF LLC,Dining,15.44,
2022-11-10,2022-11-11,7642,SQ *FERMENTATION LAB,Dining,69.46,
2022-11-10,2022-11-11,7642,CHIPOTLE 0839,Dining,29.27,
2022-11-10,2022-11-11,7642,CVS/PHARMACY #10164,Health Care,9.53,
2022-11-10,2022-11-11,7642,CMSVEND*CV BAY AREA VEND,Dining,3.00,
2022-11-09,2022-11-11,7642,FRED S LIQUOR & DELI,Merchandise,3.50,
2022-11-09,2022-11-11,7642,FRED S LIQUOR & DELI,Merchandise,2.75,
2022-11-10,2022-11-11,7642,AMZN Mktp US,Merchandise,,107.49
2022-11-09,2022-11-11,7642,24 HOUR FITNESS - 545 - P,Entertainment,7.28,
2022-11-10,2022-11-10,7642,CAPITAL ONE MOBILE PYMT,Payment/Credit,,1225.36
2022-11-09,2022-11-10,7642,WALGREENS #4529,Health Care,7.83,
2022-11-08,2022-11-10,7642,FRED S LIQUOR & DELI,Merchandise,3.50,
2022-11-08,2022-11-09,7642,CMSVEND*CV BAY AREA VEND,Dining,1.25,
2022-11-07,2022-11-09,7642,24 HOUR FITNESS - 545 - P,Entertainment,8.87,
2022-11-06,2022-11-08,7642,FRED S LIQUOR & DELI,Merchandise,2.50,
2022-11-07,2022-11-08,7642,SQ *FOUR BARREL COFFEE VA,Dining,4.24,
2022-11-07,2022-11-07,7642,GOOGLE *Colab,Entertainment,10.83,
2022-11-06,2022-11-07,7642,Etsy.com - AIPetArtwork,Merchandise,15.00,
2022-11-05,2022-11-07,7642,FRED S LIQUOR & DELI,Merchandise,3.00,
2022-11-05,2022-11-07,7642,CITY OF PACIFICA - PAR,Other Services,9.00,
2022-11-04,2022-11-07,7642,MISSION CHINESE FOOD SF,Dining,49.35,
2022-11-06,2022-11-07,7642,SQ *FOUR BARREL COFFEE VA,Dining,4.24,
2022-11-05,2022-11-07,7642,THE BEEHIVE,Dining,42.55,
2022-11-06,2022-11-07,7642,SQ *BI-RITE CREAMERY,Dining,8.50,
2022-11-05,2022-11-07,7642,GUERRERO'S TAQUERIA,Dining,15.90,
2022-11-05,2022-11-07,7642,HIGH TIDE,Dining,7.74,
2022-11-04,2022-11-07,7642,FRED S LIQUOR & DELI,Merchandise,3.50,
2022-11-05,2022-11-07,7642,GOOGLE *Colab,Other Services,10.83,
2022-11-04,2022-11-05,7642,TWO SONS SANDWICHES,Dining,20.58,
2022-11-02,2022-11-05,7642,AL HAMRA,Dining,15.05,
2022-11-04,2022-11-05,7642,GOOGLE *Colab,Other Services,10.83,
2022-11-04,2022-11-04,7642,GOOGLE *Colab,Entertainment,10.83,
2022-11-04,2022-11-04,7642,LS HEALTHY SPIRITS,Merchandise,18.56,
2022-11-02,2022-11-04,7642,FRED S LIQUOR & DELI,Merchandise,3.50,
2022-11-03,2022-11-04,7642,GOOGLE *Colab,Entertainment,10.83,
2022-11-02,2022-11-04,7642,24 HOUR FITNESS - 545 - P,Entertainment,3.29,
2022-11-03,2022-11-03,7642,AMZN Mktp US,Merchandise,,446.05
2022-11-01,2022-11-03,7642,FRED S LIQUOR & DELI,Merchandise,3.00,
2022-11-01,2022-11-03,7642,24 HOUR FITNESS - 545 - P,Entertainment,3.29,
2022-11-02,2022-11-02,7642,LS HEALTHY SPIRITS,Merchandise,5.47,
2022-10-31,2022-11-02,7642,FRED S LIQUOR & DELI,Merchandise,11.24,
2022-11-01,2022-11-02,7642,SQ *MILK - SF LLC,Dining,4.89,
2022-11-01,2022-11-02,7642,FASTRAK VIOLATION CENT,Gas/Automotive,9.40,
2022-10-31,2022-11-02,7642,24 HOUR FITNESS - 545 - P,Entertainment,3.29,
2022-10-30,2022-11-01,7642,FRED S LIQUOR & DELI,Merchandise,5.00,
2022-10-30,2022-11-01,7642,SAN FRANCISCO- EST 7,Dining,3.33,
2022-10-30,2022-11-01,7642,SAN FRANCISCO- EST 7,Dining,18.51,
2022-10-30,2022-10-31,7642,SQ *MILK - SF LLC,Dining,25.08,
2022-10-28,2022-10-29,7642,E AND M MARKET,Merchandise,32.49,
2022-10-28,2022-10-29,7642,CHIPOTLE 3293,Dining,16.86,
2022-10-28,2022-10-29,7642,"SQ *JOYRIDE PIZZA, MISSIO",Dining,46.08,
2022-10-28,2022-10-29,7642,CMSVEND*CV BAY AREA VEND,Dining,1.00,
2022-10-27,2022-10-29,7642,FRED S LIQUOR & DELI,Merchandise,4.00,
2022-10-28,2022-10-29,7642,TST* TAISHOKEN RAMEN 2,Dining,95.60,
2022-10-26,2022-10-28,7642,FRED S LIQUOR & DELI,Merchandise,3.00,
2022-10-27,2022-10-28,7642,SQ *FOUR BARREL COFFEE VA,Dining,5.24,
2022-10-26,2022-10-28,7642,24 HOUR FITNESS - 545 - P,Entertainment,3.29,
2022-10-25,2022-10-27,7642,FRED S LIQUOR & DELI,Merchandise,3.00,
2022-10-25,2022-10-27,7642,24 HOUR FITNESS - 545 - P,Entertainment,4.88,
2022-10-24,2022-10-26,7642,FRED S LIQUOR & DELI,Merchandise,3.00,
2022-10-24,2022-10-26,7642,CROSSROADS TRADING CO-,Merchandise,102.59,
2022-10-25,2022-10-26,7642,SQ *MILK - SF LLC,Dining,4.89,
2022-10-24,2022-10-26,7642,SAFEWAY #1507,Merchandise,20.87,
2022-10-23,2022-10-25,7642,FRED S LIQUOR & DELI,Merchandise,6.75,
2022-10-21,2022-10-25,7642,AL HAMRA,Dining,39.69,
2022-10-24,2022-10-25,7642,IC* INSTACART,Merchandise,103.50,
2022-10-22,2022-10-24,7642,CHURCHILL,Dining,33.90,
2022-10-22,2022-10-24,7642,FIRST KOREAN MARKET,Merchandise,37.96,
2022-10-22,2022-10-24,7642,DALDAS COMMUNITY MARKET,Merchandise,4.99,
2022-10-23,2022-10-24,7642,SQ *PIANOFIGHT,Dining,13.00,
2022-10-22,2022-10-24,7642,HQ FUELS,Gas/Automotive,4.52,
2022-10-23,2022-10-24,7642,SHANGHAI DUMPLING KING,Dining,160.00,
2022-10-22,2022-10-24,7642,ARCO#03002BIUON INC,Gas/Automotive,68.29,
2022-10-22,2022-10-24,7642,MCDONALD'S F1561,Dining,21.50,
2022-10-22,2022-10-24,7642,Prime Video*H85U29MZ1,Entertainment,8.99,
2022-10-22,2022-10-24,7642,Prime Video *H86PH0600,Entertainment,3.99,
2022-10-21,2022-10-22,7642,SQ *RITUAL COFFEE ROASTER,Dining,5.00,
2022-10-21,2022-10-22,7642,SQ *MILK - SF LLC,Dining,8.96,
2022-10-20,2022-10-21,7642,CHIPOTLE 0839,Dining,14.28,
2022-10-20,2022-10-21,7642,CMSVEND*CV SAN JOSE,Dining,1.25,
2022-10-19,2022-10-21,7642,FRED S LIQUOR & DELI,Merchandise,3.00,
2022-10-20,2022-10-21,7642,Prime Video *H84L22NF1,Entertainment,3.99,
2022-10-19,2022-10-21,7642,24 HOUR FITNESS - 545 - P,Entertainment,4.88,
2022-10-18,2022-10-20,7642,FRED S LIQUOR & DELI,Merchandise,3.00,
2022-10-18,2022-10-20,7642,CASA LATINA MARKET,Merchandise,3.09,
2022-10-16,2022-10-20,7642,AL HAMRA,Dining,13.85,
2022-10-19,2022-10-20,7642,SQ *MILK - SF LLC,Dining,4.89,
2022-10-18,2022-10-20,7642,24 HOUR FITNESS - 545 - P,Entertainment,4.88,
2022-10-17,2022-10-19,7642,CASA LATINA MARKET,Merchandise,9.80,
2022-10-17,2022-10-19,7642,K&H Liquors,Merchandise,3.12,
2022-10-17,2022-10-19,7642,24 HOUR FITNESS - 545 - P,Entertainment,4.88,
2022-10-18,2022-10-18,7642,Amazon Prime*HT03M57T1,Other Services,16.28,
2022-10-14,2022-10-18,7642,AL HAMRA,Dining,27.58,
2022-10-16,2022-10-17,7642,WHOLEFDS CAS #10396,Merchandise,24.89,
2022-10-16,2022-10-17,7642,WHOLEFDS CAS #10396,Merchandise,8.99,
2022-10-15,2022-10-17,7642,PINK ONION,Dining,89.13,
2022-10-15,2022-10-17,7642,RHEAS MARKET DELI,Merchandise,38.97,
2022-10-16,2022-10-17,7642,SQ *MILK - SF LLC,Dining,9.27,
2022-10-14,2022-10-17,7642,ELIXIR,Dining,33.44,
2022-10-16,2022-10-17,7642,SQ *BRICK & MORTAR MUSIC,Dining,12.86,
2022-10-16,2022-10-17,7642,GOOGLE *Colab,Entertainment,10.83,
2022-10-15,2022-10-17,7642,SQ *THE CRAFTY FOX,Dining,11.74,
2022-10-14,2022-10-17,7642,FRED S LIQUOR & DELI,Merchandise,2.50,
2022-10-15,2022-10-17,7642,SQ *MILK - SF LLC,Dining,4.89,
2022-10-14,2022-10-17,7642,SQ *ZEITGEIST,Dining,21.77,
2022-10-14,2022-10-14,7642,CAPITAL ONE MOBILE PYMT,Payment/Credit,,1249.61
2022-10-12,2022-10-14,7642,FRED S LIQUOR & DELI,Merchandise,3.00,
2022-10-13,2022-10-14,7642,SQ *STREET MEET TAC,Dining,19.49,
2022-10-13,2022-10-14,7642,SQ *MILK - SF LLC,Dining,4.89,
2022-10-12,2022-10-14,7642,24 HOUR FITNESS - 545 - P,Entertainment,4.88,
2022-10-11,2022-10-13,7642,FRED S LIQUOR & DELI,Merchandise,3.00,
2022-10-11,2022-10-13,7642,24 HOUR FITNESS - 545 - P,Entertainment,4.88,
2022-10-10,2022-10-12,7642,CASA LATINA MARKET,Merchandise,11.73,
2022-10-10,2022-10-12,7642,24 HOUR FITNESS - 545 - P,Entertainment,4.88,
2022-10-09,2022-10-11,7642,FRED S LIQUOR & DELI,Merchandise,3.00,
2022-10-09,2022-10-11,7642,24 HOUR FITNESS - 545 - P,Entertainment,4.88,
2022-10-09,2022-10-11,7642,TST* Kitava,Dining,37.54,
2022-10-10,2022-10-10,7642,INSTACART,Merchandise,130.57,
2022-10-10,2022-10-10,7642,SORELLA,Dining,251.36,
2022-10-08,2022-10-10,7642,PIZZA ZONE AND GRILL,Dining,8.29,
2022-10-08,2022-10-10,7642,MONARCH,Dining,45.00,
2022-10-08,2022-10-10,7642,TST* U Dessert Story,Dining,26.13,
2022-10-07,2022-10-10,7642,FRED S LIQUOR & DELI,Merchandise,1.75,
2022-10-07,2022-10-10,7642,5221 GREAT CLIPS AT DIAMO,Other Services,33.00,
2022-10-07,2022-10-10,7642,CAT CLUB SF,Dining,9.12,
2022-10-07,2022-10-10,7642,CAT CLUB SF,Dining,20.86,
2022-10-07,2022-10-08,7642,VIOC IH0011,Gas/Automotive,62.80,
2022-10-07,2022-10-08,7642,303 2ND ST PARKING GARAGE,Gas/Automotive,18.00,
2022-10-07,2022-10-08,7642,FSP*BLUE WATERS KAYAKING,Entertainment,92.00,
2022-10-08,2022-10-08,7642,LS HEALTHY SPIRITS,Merchandise,45.85,
2022-10-07,2022-10-08,7642,DRAGONEATS,Dining,24.36,
2022-10-06,2022-10-07,7642,CHIPOTLE 0839,Dining,14.28,
2022-10-06,2022-10-07,7642,CMSVEND*CV SAN JOSE,Dining,1.25,
2022-10-05,2022-10-07,7642,FRED S LIQUOR & DELI,Merchandise,3.00,
2022-10-05,2022-10-07,7642,24 HOUR FITNESS - 545 - P,Entertainment,4.88,
2022-10-04,2022-10-06,7642,FRED S LIQUOR & DELI,Merchandise,2.99,
2022-10-04,2022-10-06,7642,FRED S LIQUOR & DELI,Merchandise,3.00,
2022-10-06,2022-10-06,7642,LS HEALTHY SPIRITS,Merchandise,157.48,
2022-10-04,2022-10-06,7642,24 HOUR FITNESS - 545 - P,Entertainment,4.88,
2022-10-05,2022-10-05,7642,SQ *SALT & STRAW ICE CREA,Dining,11.03,
2022-10-04,2022-10-05,7642,FASTRAK VIOLATION CENT,Gas/Automotive,3.90,
2022-10-04,2022-10-05,7642,FASTRAK VIOLATION CENT,Gas/Automotive,9.40,
2022-10-04,2022-10-05,7642,SQ *MEZZE AND MOOORE,Dining,15.21,
2022-10-03,2022-10-04,7642,E AND M MARKET,Merchandise,4.76,
2022-10-03,2022-10-04,7642,SFMTA CIT PYMNT WEB,Other,87.00,
2022-10-01,2022-10-04,7642,AL HAMRA,Dining,12.50,
2022-10-03,2022-10-03,7642,CAPITAL ONE MOBILE PYMT,Payment/Credit,,1614.78
2022-10-01,2022-10-03,7642,FRED S LIQUOR & DELI,Merchandise,6.50,
2022-10-01,2022-10-03,7642,FRED S LIQUOR & DELI,Merchandise,4.75,
2022-10-01,2022-10-03,7642,FRED S LIQUOR & DELI,Merchandise,5.20,
2022-10-03,2022-10-03,7642,LS HEALTHY SPIRITS,Merchandise,5.47,
2022-10-02,2022-10-03,7642,SQ *TAQUERIA LA CUMBRE SF,Dining,24.44,
2022-09-30,2022-10-03,7642,FRED S LIQUOR & DELI,Merchandise,4.25,
2022-09-30,2022-10-03,7642,SQ *THE CRAFTY FOX,Dining,24.44,
2022-09-30,2022-10-01,7642,SQ *THE CRAFTY FOX,Dining,23.46,
2022-09-30,2022-10-01,7642,CMSVEND*CV BAY AREA VEND,Dining,1.00,
2022-09-30,2022-09-30,7642,AMZN Mktp US*144LS5371,Merchandise,746.47,
2022-09-29,2022-09-30,7642,CHIPOTLE 0839,Dining,14.28,
2022-09-29,2022-09-30,7642,CMSVEND*CV SAN JOSE,Dining,1.25,
2022-09-29,2022-09-30,7642,CMSVEND*CV SAN JOSE,Dining,1.25,
2022-09-28,2022-09-30,7642,FRED S LIQUOR & DELI,Merchandise,5.99,
2022-09-28,2022-09-30,7642,24 HOUR FITNESS - 545 - P,Entertainment,6.78,
2022-09-29,2022-09-29,7642,LS HEALTHY SPIRITS,Merchandise,5.47,
2022-09-27,2022-09-29,7642,FRED S LIQUOR & DELI,Merchandise,4.00,
2022-09-27,2022-09-29,7642,FRED S LIQUOR & DELI,Merchandise,3.50,
2022-09-27,2022-09-29,7642,24 HOUR FITNESS - 545 - P,Entertainment,3.29,
2022-09-26,2022-09-28,7642,FRED S LIQUOR & DELI,Merchandise,3.00,
2022-09-27,2022-09-28,7642,SQ *MILK - SF LLC,Dining,4.89,
2022-09-26,2022-09-28,7642,24 HOUR FITNESS - 545 - P,Entertainment,3.00,
2022-09-25,2022-09-27,7642,FRED S LIQUOR & DELI,Merchandise,9.49,
2022-09-23,2022-09-27,7642,AL HAMRA,Dining,12.61,
2022-09-24,2022-09-26,7642,FRED S LIQUOR & DELI,Merchandise,5.20,
2022-09-24,2022-09-26,7642,FRED S LIQUOR & DELI,Merchandise,9.24,
2022-09-25,2022-09-26,7642,SQ *FOUR BARREL COFFEE VA,Dining,7.09,
2022-09-25,2022-09-26,7642,SQ *MILK - SF LLC,Dining,16.29,
2022-09-24,2022-09-26,7642,LIVE WATER SURF SHOP,Merchandise,51.64,
2022-09-25,2022-09-26,7642,SQ *TAQUERIA EL BUEN SABO,Dining,17.93,
2022-09-23,2022-09-26,7642,FRED S LIQUOR & DELI,Merchandise,4.75,
2022-09-23,2022-09-26,7642,FRED S LIQUOR & DELI,Merchandise,2.50,
2022-09-24,2022-09-26,7642,Prime Video *1U68Y4X11,Entertainment,3.99,
2022-09-24,2022-09-24,7642,SHANGHAI DUMPLING KING,Dining,37.80,
2022-09-22,2022-09-24,7642,FRED S LIQUOR & DELI,Merchandise,6.49,
2022-09-23,2022-09-24,7642,SQ *FOUR BARREL COFFEE VA,Dining,10.27,
2022-09-22,2022-09-23,7642,CHIPOTLE 0839,Dining,18.25,
2022-09-22,2022-09-23,7642,CMSVEND*CV SAN JOSE,Dining,1.25,
2022-09-23,2022-09-23,7642,LS HEALTHY SPIRITS,Merchandise,10.94,
2022-09-21,2022-09-23,7642,FRED S LIQUOR & DELI,Merchandise,3.00,
2022-09-21,2022-09-23,7642,24 HOUR FITNESS - 545 - P,Entertainment,3.00,
2022-09-20,2022-09-22,7642,FRED S LIQUOR & DELI,Merchandise,3.50,
2022-09-21,2022-09-22,7642,Amazon.com*1U2B35OU0,Merchandise,126.25,
2022-09-20,2022-09-22,7642,24 HOUR FITNESS - 545 - P,Entertainment,3.00,
2022-09-19,2022-09-21,7642,FRED S LIQUOR & DELI,Merchandise,2.75,
2022-09-18,2022-09-20,7642,LAX AIRP ENGINE CO 28,Dining,50.00,
2022-09-18,2022-09-20,7642,LA CITY METERED PARKING,Gas/Automotive,3.00,
2022-09-18,2022-09-19,7642,HUDSON ST1413,Merchandise,20.78,
2022-09-16,2022-09-19,7642,VISION DIRECT BV,Health Care,104.03,
2022-09-15,2022-09-19,7642,AL HAMRA,Dining,12.80,
2022-09-18,2022-09-19,7642,SQ *PERRY'S 1200,Dining,20.67,
2022-09-18,2022-09-19,7642,TST* SUNLIFE ORGANICS POI,Dining,12.54,
2022-09-17,2022-09-19,7642,CVS/PHARMACY #09563,Health Care,12.03,
2022-09-18,2022-09-19,7642,Amazon Prime*1M5YR6XB0,Other Services,16.28,
2022-09-16,2022-09-19,7642,FRED S LIQUOR & DELI,Merchandise,4.50,
2022-09-17,2022-09-19,7642,SFO CAT CORA,Dining,90.00,
2022-09-16,2022-09-17,7642,BEBE CLEANERS,Other Services,19.00,
2022-09-15,2022-09-17,7642,FRED S LIQUOR & DELI,Merchandise,6.99,
2022-09-16,2022-09-17,7642,SQ *STREET MEET TACOS #1,Dining,20.78,
2022-09-16,2022-09-16,7642,CAPITAL ONE MOBILE PYMT,Payment/Credit,,3039.86
2022-09-15,2022-09-16,7642,CHIPOTLE 0839,Dining,14.28,
2022-09-15,2022-09-16,7642,CMSVEND*CV SAN JOSE,Dining,1.25,
2022-09-15,2022-09-16,7642,CMSVEND*CV BAY AREA VEND,Dining,1.00,
2022-09-14,2022-09-16,7642,FRED S LIQUOR & DELI,Merchandise,3.50,
2022-09-14,2022-09-16,7642,24 HOUR FITNESS - 545 - P,Entertainment,6.49,
2022-09-13,2022-09-15,7642,FRED S LIQUOR & DELI,Merchandise,4.75,
2022-09-13,2022-09-15,7642,PURPLE RICE.,Dining,50.00,
2022-09-13,2022-09-15,7642,24 HOUR FITNESS - 545 - P,Entertainment,6.49,
2022-09-13,2022-09-15,7642,SQ *FOUR BARREL COFFEE VA,Dining,7.09,
2022-09-12,2022-09-14,7642,FRED S LIQUOR & DELI,Merchandise,3.50,
2022-09-12,2022-09-14,7642,24 HOUR FITNESS - 545 - P,Entertainment,3.00,
2022-09-11,2022-09-13,7642,FRED S LIQUOR & DELI,Merchandise,3.00,
2022-09-11,2022-09-13,7642,24 HOUR FITNESS - 545 - P,Entertainment,3.00,
2022-09-10,2022-09-12,7642,FRED S LIQUOR & DELI,Merchandise,5.25,
2022-09-10,2022-09-12,7642,REI #83 SAN FRANCISCO,Merchandise,86.85,
2022-09-10,2022-09-12,7642,ARCO#03002BIUON INC,Gas/Automotive,61.37,
2022-09-10,2022-09-12,7642,MCDONALD'S F16932,Dining,6.25,
2022-09-11,2022-09-12,7642,Prime Video *1F2F17ZE2,Entertainment,3.03,
2022-09-09,2022-09-12,7642,FRED S LIQUOR & DELI,Merchandise,25.50,
2022-09-09,2022-09-12,7642,FRED S LIQUOR & DELI,Merchandise,4.75,
2022-09-09,2022-09-12,7642,PIZZA MY HEART,Dining,60.84,
2022-09-08,2022-09-10,7642,24 HOUR FITNESS - 545 - P,Entertainment,3.00,
2022-09-09,2022-09-09,7642,Prime Video *1F44B5TE0,Entertainment,2.99,
2022-09-08,2022-09-09,7642,CHIPOTLE 0839,Dining,14.28,
2022-09-08,2022-09-09,7642,CVS/PHARMACY #10164,Health Care,12.26,
2022-09-08,2022-09-09,7642,CMSVEND*CV SAN JOSE,Dining,1.25,
2022-09-07,2022-09-09,7642,FRED S LIQUOR & DELI,Merchandise,3.00,
2022-09-09,2022-09-09,7642,LS HEALTHY SPIRITS,Merchandise,9.85,
2022-09-08,2022-09-09,7642,Prime Video *1F2W11ZN0,Entertainment,2.99,
2022-09-08,2022-09-08,7642,Prime Video *1V0CN5DC2,Entertainment,2.99,
2022-09-06,2022-09-08,7642,FRED S LIQUOR & DELI,Merchandise,4.75,
2022-09-06,2022-09-08,7642,24 HOUR FITNESS - 545 - P,Entertainment,3.00,
2022-09-07,2022-09-07,7642,Prime Video *1V4W39WV0,Entertainment,2.99,
2022-09-05,2022-09-07,7642,FRED S LIQUOR & DELI,Merchandise,4.75,
2022-09-06,2022-09-07,7642,SQ *FOUR BARREL COFFEE VA,Dining,14.02,
2022-09-05,2022-09-07,7642,SAFEWAY #1507,Merchandise,74.41,
2022-09-05,2022-09-06,7642,WHOLEFDS CAS #10396,Merchandise,32.48,
2022-09-04,2022-09-06,7642,FRED S LIQUOR & DELI,Merchandise,15.99,
2022-09-04,2022-09-06,7642,SIAM ROYAL,Dining,130.00,
2022-09-03,2022-09-05,7642,FRED S LIQUOR & DELI,Merchandise,12.29,
2022-09-03,2022-09-05,7642,FRED S LIQUOR & DELI,Merchandise,18.99,
2022-09-03,2022-09-05,7642,HILTON CITYSCAPE LOUNGE,Dining,64.31,
2022-09-04,2022-09-05,7642,SQ *FOUR BARREL COFFEE VA,Dining,11.88,
2022-09-02,2022-09-05,7642,ACQUERELLO,Dining,913.28,
2022-09-03,2022-09-05,7642,SQ *SEA TREK,Entertainment,189.75,
2022-09-02,2022-09-05,7642,CITY OF PACIFICA - PAR,Other Services,7.00,
2022-09-01,2022-09-03,7642,FRED S LIQUOR & DELI,Merchandise,16.24,
2022-09-02,2022-09-03,7642,NOR CAL SURF SHOP,Merchandise,65.63,
2022-08-31,2022-09-03,7642,AL HAMRA,Dining,68.40,
2022-09-02,2022-09-03,7642,SQ *FOUR BARREL COFFEE VA,Dining,18.89,
2022-09-01,2022-09-03,7642,SQ *STANDARD DEVIANT BREW,Dining,22.80,
2022-09-01,2022-09-02,7642,SQ *THE CRAFTY FOX,Dining,11.54,
2022-09-01,2022-09-02,7642,CHIPOTLE 0839,Dining,14.28,
2022-09-01,2022-09-01,7642,Prime Video *JS63H46Z3,Entertainment,3.99,
2022-08-31,2022-09-01,7642,AMAZON.COM*R699D7VM3 AMZN,Merchandise,61.91,
2022-08-31,2022-09-01,7642,SQ *FOUR BARREL COFFEE VA,Dining,18.28,
2022-08-30,2022-09-01,7642,TRULY MEDITERRANEAN,Dining,19.89,
2022-08-30,2022-08-31,7642,HANDY HANDYMAN HARDWARE,Merchandise,15.20,
2022-08-31,2022-08-31,7642,K AND D MARKET,Merchandise,12.08,
2022-08-29,2022-08-31,7642,FRED S LIQUOR & DELI,Merchandise,2.25,
2022-08-29,2022-08-31,7642,24 HOUR FITNESS - 545 - P,Entertainment,3.00,
2022-08-29,2022-08-30,7642,Prime Video *1I7WA6KC3,Entertainment,2.99,
2022-08-29,2022-08-30,7642,Prime Video *QM3568EK3,Entertainment,1.07,
2022-08-29,2022-08-29,7642,Prime Video *LX8WB9HY3,Entertainment,2.99,
2022-08-29,2022-08-29,7642,Prime Video *QT7O08W23,Entertainment,2.99,
2022-08-28,2022-08-29,7642,EL POLLO REY,Dining,20.55,
2022-08-28,2022-08-29,7642,SQ *SCOOP MICROCREAMERY,Dining,10.00,
2022-08-28,2022-08-29,7642,76 - UNITED PACIFIC 5686,Gas/Automotive,1.89,
2022-08-27,2022-08-29,7642,24 HOUR FITNESS - 545 - P,Entertainment,1.98,
2022-08-28,2022-08-29,7642,Prime Video *7A6VR3O73,Entertainment,2.99,
2022-08-28,2022-08-29,7642,Prime Video *7S2437LW3,Entertainment,1.04,
2022-08-26,2022-08-29,7642,FRED S LIQUOR & DELI,Merchandise,26.03,
2022-08-27,2022-08-29,7642,SQ *CARBON,Dining,20.00,
2022-08-27,2022-08-29,7642,SQ *LOCAL EDITION,Dining,40.55,
2022-08-26,2022-08-27,7642,CMSVEND*CV BAY AREA VEND,Dining,1.00,
2022-08-26,2022-08-27,7642,TST* UNO DOS TACOS,Dining,16.00,
2022-08-25,2022-08-27,7642,24 HOUR FITNESS - 545 - P,Entertainment,3.00,
2022-08-25,2022-08-26,7642,TRULY MEDITERRANEAN,Dining,17.39,
2022-08-24,2022-08-26,7642,24 HOUR FITNESS - 545 - P,Entertainment,3.00,
2022-08-23,2022-08-25,7642,SAFEWAY #1507,Merchandise,70.30,
2022-08-23,2022-08-25,7642,24 HOUR FITNESS - 545 - P,Entertainment,3.00,
2022-08-22,2022-08-24,7642,FRED S LIQUOR & DELI,Merchandise,2.50,
2022-08-22,2022-08-24,7642,FRED S LIQUOR & DELI,Merchandise,3.49,
2022-08-22,2022-08-24,7642,FRED S LIQUOR & DELI,Merchandise,1.75,
2022-08-23,2022-08-24,7642,SQ *FOUR BARREL COFFEE VA,Dining,7.09,
2022-08-21,2022-08-23,7642,ROMULUS BIG BOY,Dining,18.77,
2022-08-21,2022-08-23,7642,UNITED      0162430927185,Airfare,370.60,
2022-08-22,2022-08-23,7642,HOTWIRE-SALES FINAL,Other Travel,82.24,
2022-08-21,2022-08-23,7642,STARBUCKS STORE 49997,Dining,4.72,
2022-08-22,2022-08-22,7642,CAPITAL ONE MOBILE PYMT,Payment/Credit,,1665.79
2022-08-20,2022-08-22,7642,TACO BELL #037840,Dining,13.96,
2022-08-19,2022-08-22,7642,PANDA EXPRESS A GATES,Dining,11.99,
2022-08-21,2022-08-22,7642,LUCAS CONEY ISLAND,Dining,32.44,
2022-08-18,2022-08-20,7642,FRED S LIQUOR & DELI,Merchandise,1.75,
2022-08-19,2022-08-19,7642,SHANGHAI DUMPLING KING,Dining,43.02,
2022-08-18,2022-08-19,7642,FRONTIER AI KFLN5K,Airfare,38.00,
2022-08-18,2022-08-19,7642,SQ *CREAM MISSION,Merchandise,15.40,
2022-08-17,2022-08-19,7642,FRED S LIQUOR & DELI,Merchandise,6.75,
2022-08-18,2022-08-19,7642,SQ *FOUR BARREL COFFEE VA,Dining,14.02,
2022-08-18,2022-08-19,7642,TST* Harris,Dining,515.07,
2022-08-17,2022-08-19,7642,24 HOUR FITNESS - 545 - P,Entertainment,3.00,
2022-08-17,2022-08-18,7642,Amazon Prime*1S8QV1DY1,Other Services,16.28,
2022-08-16,2022-08-18,7642,24 HOUR FITNESS - 545 - P,Entertainment,3.00,
2022-08-16,2022-08-17,7642,TRULY MEDITERRANEAN,Dining,20.73,
2022-08-15,2022-08-17,7642,FRED S LIQUOR & DELI,Merchandise,2.25,
2022-08-15,2022-08-17,7642,FRED S LIQUOR & DELI,Merchandise,5.49,
2022-08-15,2022-08-17,7642,24 HOUR FITNESS - 545 - P,Entertainment,3.26,
2022-08-16,2022-08-16,7642,GRUBHUBDANCINGYAK,Dining,14.00,
2022-08-15,2022-08-16,7642,RAINBOW GROCERY COO,Merchandise,3.39,
2022-08-15,2022-08-16,7642,TWO SONS SANDWICHES,Dining,20.80,
2022-08-14,2022-08-16,7642,FRED S LIQUOR & DELI,Merchandise,5.49,
2022-08-14,2022-08-15,7642,CVS/PHARMACY #09330,Health Care,12.35,
2022-08-14,2022-08-15,7642,SQ *RAMEN NAGI PALO ALTO,Dining,83.46,
2022-08-13,2022-08-15,7642,24 HOUR FITNESS - 545 - P,Entertainment,7.25,
2022-08-13,2022-08-15,7642,WALGREENS #4529,Health Care,8.25,
2022-08-12,2022-08-15,7642,24 HOUR FITNESS - 545 - P,Entertainment,3.26,
2022-08-11,2022-08-12,7642,23RD & GUERRERO LIQUOR,Merchandise,1.98,
2022-08-11,2022-08-12,7642,CHIPOTLE 0839,Dining,14.28,
2022-08-11,2022-08-12,7642,CMSVEND*CV SAN JOSE,Dining,1.25,
2022-08-10,2022-08-11,7642,TRULY MEDITERRANEAN,Dining,20.73,
2022-08-09,2022-08-11,7642,TOCK AT*ACQUERELLO,Dining,400.00,
2022-08-09,2022-08-10,7642,E AND M MARKET,Merchandise,4.91,
2022-08-09,2022-08-10,7642,ELENA HEREDIA DDS,Health Care,45.85,
2022-08-08,2022-08-10,7642,SAFEWAY #1507,Merchandise,40.56,
2022-08-08,2022-08-10,7642,24 HOUR FITNESS - 545 - P,Entertainment,3.26,
2022-08-07,2022-08-09,7642,24 HOUR FITNESS - 545 - P,Entertainment,3.26,
2022-08-06,2022-08-08,7642,PARKSIDE CAFE,Dining,40.62,
2022-08-06,2022-08-08,7642,FRED S LIQUOR & DELI,Merchandise,1.75,
2022-08-06,2022-08-08,7642,LIVE WATER SURF SHOP,Merchandise,58.32,
2022-08-06,2022-08-08,7642,WHOLEFDS CAS #10396,Merchandise,82.44,
2022-08-06,2022-08-08,7642,HQ FUELS,Gas/Automotive,7.65,
2022-08-06,2022-08-08,7642,SQ *LUGIRIA GROUP INC,Dining,15.39,
2022-08-05,2022-08-08,7642,FRED S LIQUOR & DELI,Merchandise,5.00,
2022-08-05,2022-08-08,7642,FRED S LIQUOR & DELI,Merchandise,4.00,
2022-08-06,2022-08-08,7642,SQ *TAQUERIA LA CUMBRE SF,Dining,18.11,
2022-08-05,2022-08-06,7642,THE HALAL GUYS,Dining,17.37,
2022-08-05,2022-08-05,7642,CAPITAL ONE MOBILE PYMT,Payment/Credit,,547.72
2022-08-05,2022-08-05,7642,SHANGHAI DUMPLING KING,Dining,32.79,
2022-08-02,2022-08-04,7642,24 HOUR FITNESS - 545 - P,Entertainment,3.26,
2022-08-03,2022-08-03,7642,CAPITAL ONE AUTOPAY PYMT,Payment/Credit,,752.00
2022-08-02,2022-08-03,7642,TRULY MEDITERRANEAN,Dining,20.73,
2022-08-01,2022-08-03,7642,RANDA'S MARKET,Merchandise,4.66,
2022-08-01,2022-08-03,7642,24 HOUR FITNESS - 545 - P,Entertainment,3.26,
2022-08-01,2022-08-02,7642,TRULY MEDITERRANEAN,Dining,19.89,
2022-07-31,2022-08-02,7642,CITY OF PACIFICA - PAR,Other Services,9.00,
2022-07-31,2022-08-02,7642,FRED S LIQUOR & DELI,Merchandise,5.74,
2022-08-01,2022-08-02,7642,BURMA LOVE RESTAURANT,Dining,25.57,
2022-07-31,2022-08-02,7642,PAY AND SAVE MARKET,Merchandise,3.25,
2022-07-31,2022-08-01,7642,NOR CAL SURF SHOP,Merchandise,44.30,
2022-07-30,2022-08-01,7642,KITCHEN STORY,Dining,75.01,
2022-07-30,2022-08-01,7642,FRED S LIQUOR & DELI,Merchandise,4.00,
2022-07-31,2022-08-01,7642,SQ *TAQUERIA LA CUMBRE SF,Dining,3.26,
2022-07-31,2022-08-01,7642,SQ *TAQUERIA LA CUMBRE SF,Dining,18.11,
2022-07-31,2022-08-01,7642,SMITTEN ICE CREAM MISSION,Dining,10.54,
2022-07-30,2022-08-01,7642,BEST BUY      00001875,Merchandise,183.58,
2022-07-29,2022-08-01,7642,SQ *STANDARD DEVIANT BREW,Dining,19.20,
2022-07-29,2022-07-30,7642,SQ *STANDARD DEVIANT BREW,Dining,19.20,
2022-07-28,2022-07-29,7642,CHIPOTLE 0839,Dining,13.74,
2022-07-28,2022-07-29,7642,CMSVEND*CV SAN JOSE,Dining,1.25,
2022-07-27,2022-07-29,7642,MEHFIL INDIAN CUISINE,Dining,11.98,
2022-07-27,2022-07-28,7642,RADIO BAR,Dining,14.00,
2022-07-27,2022-07-28,7642,RADIO BAR,Dining,8.00,
2022-07-27,2022-07-28,7642,RADIO BAR,Dining,28.00,
2022-07-27,2022-07-28,7642,RADIO BAR,Dining,14.00,
2022-07-26,2022-07-28,7642,FRED S LIQUOR & DELI,Merchandise,2.25,
2022-07-26,2022-07-28,7642,FRED S LIQUOR & DELI,Merchandise,4.00,
2022-07-25,2022-07-27,7642,FRED S LIQUOR & DELI,Merchandise,1.50,
2022-07-25,2022-07-27,7642,FRED S LIQUOR & DELI,Merchandise,8.49,
2022-07-26,2022-07-27,7642,SQ *LUGIRIA GROUP INC,Dining,13.04,
2022-07-24,2022-07-26,7642,FRED S LIQUOR & DELI,Merchandise,23.92,
2022-07-24,2022-07-26,7642,CITY OF PACIFICA - PAR,Other Services,9.00,
2022-07-24,2022-07-25,7642,PANDA EXPRESS #2636,Dining,22.86,
2022-07-24,2022-07-25,7642,NOR CAL SURF SHOP,Merchandise,68.91,
2022-07-23,2022-07-25,7642,FRED S LIQUOR & DELI,Merchandise,6.99,
2022-07-22,2022-07-25,7642,FARMHOUSE KITCHEN THAI,Dining,102.71,
2022-07-24,2022-07-25,7642,DECAMERE MARKET,Merchandise,31.83,
2022-07-23,2022-07-25,7642,SAFEWAY #1507,Merchandise,80.52,
2022-07-23,2022-07-25,7642,BI-RITE MARKET,Merchandise,12.98,
2022-07-24,2022-07-25,7642,VALENCIA WHOLE FOODS,Merchandise,4.69,
2022-07-22,2022-07-25,7642,FRED S LIQUOR & DELI,Merchandise,1.75,
2022-07-22,2022-07-25,7642,FRED S LIQUOR & DELI,Merchandise,6.24,
2022-07-23,2022-07-25,7642,LS HEALTHY SPIRITS,Merchandise,29.49,
2022-07-21,2022-07-23,7642,MEHFIL INDIAN CUISINE,Dining,21.07,
2022-07-21,2022-07-22,7642,CMSVEND*CV SAN JOSE,Dining,1.25,
2022-07-20,2022-07-22,7642,FRED S LIQUOR & DELI,Merchandise,9.49,
2022-07-20,2022-07-22,7642,FASTRAK VIOLATION CENT,Gas/Automotive,7.00,
2022-07-20,2022-07-22,7642,24 HOUR FITNESS - 545 - P,Entertainment,3.26,
2022-07-18,2022-07-20,7642,FRED S LIQUOR & DELI,Merchandise,5.24,
2022-07-17,2022-07-19,7642,TRULY MEDITERRANEAN,Dining,41.48,
2022-07-18,2022-07-18,7642,Amazon Prime*C92FO7II3,Other Services,16.28,
2022-07-16,2022-07-18,7642,FRED S LIQUOR & DELI,Merchandise,5.20,
2022-07-16,2022-07-18,7642,24 HOUR FITNESS - 545 - P,Entertainment,3.26,
2022-07-14,2022-07-18,7642,RANDA'S MARKET,Merchandise,5.44,
2022-07-15,2022-07-18,7642,GEORGES MARKET,Merchandise,8.63,
2022-07-15,2022-07-18,7642,FRED S LIQUOR & DELI,Merchandise,7.99,
2022-07-16,2022-07-18,7642,SQ *BOTANIC PANIC,Merchandise,36.89,
2022-07-16,2022-07-16,7642,SHANGHAI DUMPLING KING,Dining,46.71,
2022-07-14,2022-07-15,7642,CHIPOTLE 0839,Dining,13.74,
2022-07-13,2022-07-15,7642,FRED S LIQUOR & DELI,Merchandise,5.24,
2022-07-13,2022-07-15,7642,FRED S LIQUOR & DELI,Merchandise,6.50,
2022-07-13,2022-07-15,7642,24 HOUR FITNESS - 545 - P,Entertainment,3.26,
2022-07-13,2022-07-14,7642,SQ *FOODHALL_,Dining,11.99,
2022-07-12,2022-07-14,7642,FRED S LIQUOR & DELI,Merchandise,22.62,
2022-07-12,2022-07-14,7642,FRED S LIQUOR & DELI,Merchandise,5.98,
2022-07-12,2022-07-14,7642,24 HOUR FITNESS - 545 - P,Entertainment,3.26,
2022-07-13,2022-07-13,7642,CAPITAL ONE MOBILE PYMT,Payment/Credit,,954.61
2022-07-11,2022-07-13,7642,FRED S LIQUOR & DELI,Merchandise,5.99,
2022-07-11,2022-07-13,7642,FRED S LIQUOR & DELI,Merchandise,3.99,
2022-07-11,2022-07-13,7642,24 HOUR FITNESS - 545 - P,Entertainment,3.26,
2022-07-10,2022-07-12,7642,FRED S LIQUOR & DELI,Merchandise,6.49,
2022-07-10,2022-07-12,7642,FRED S LIQUOR & DELI,Merchandise,6.75,
2022-07-10,2022-07-12,7642,TACO BELL 30754,Dining,37.00,
2022-07-10,2022-07-11,7642,NOR CAL SURF SHOP,Merchandise,116.21,
2022-07-09,2022-07-11,7642,FRED S LIQUOR & DELI,Merchandise,29.17,
2022-07-09,2022-07-11,7642,FRED S LIQUOR & DELI,Merchandise,1.75,
2022-07-10,2022-07-11,7642,SQ *FOUR BARREL COFFEE VA,Dining,5.24,
2022-07-08,2022-07-09,7642,WHOLEFDS SCA #10633,Merchandise,11.64,
2022-07-07,2022-07-09,7642,FRED S LIQUOR & DELI,Merchandise,3.99,
2022-07-07,2022-07-09,7642,GEORGES MARKET,Merchandise,8.87,
2022-07-07,2022-07-09,7642,SAFEWAY #1507,Merchandise,15.37,
2022-07-08,2022-07-08,7642,SHANGHAI DUMPLING KING,Dining,46.14,
2022-07-07,2022-07-08,7642,SQ *POWDER,Dining,10.00,
2022-07-06,2022-07-08,7642,FRED S LIQUOR & DELI,Merchandise,3.00,
2022-07-07,2022-07-08,7642,SQ *LA LUNA CUPCAKES,Merchandise,26.30,
2022-07-08,2022-07-08,7642,LS HEALTHY SPIRITS,Merchandise,15.30,
2022-07-07,2022-07-08,7642,SQ *TAQUERIA EL BUEN SABO,Dining,19.81,
2022-07-06,2022-07-08,7642,SAFEWAY #1507,Merchandise,90.08,
2022-07-06,2022-07-08,7642,24 HOUR FITNESS - 545 - P,Entertainment,3.26,
2022-07-05,2022-07-07,7642,FRED S LIQUOR & DELI,Merchandise,5.49,
2022-07-06,2022-07-07,7642,SQ *LUGIRIA GROUP INC,Dining,30.76,
2022-07-03,2022-07-06,7642,AL HAMRA,Dining,17.08,
2022-07-05,2022-07-05,7642,SQ *JOYRIDE PIZZA (THE MI,Dining,35.23,
2022-07-03,2022-07-05,7642,FRED S LIQUOR & DELI,Merchandise,3.00,
2022-07-03,2022-07-04,7642,CAPITAL ONE AUTOPAY PYMT,Payment/Credit,,82.46
2022-07-02,2022-07-04,7642,FRED S LIQUOR & DELI,Merchandise,1.75,
2022-07-02,2022-07-04,7642,PICARO CAFE,Dining,36.06,
2022-07-03,2022-07-04,7642,SQ *TAQUERIA LA CUMBRE SF,Dining,17.14,
2022-07-02,2022-07-04,7642,COSTCO WHSE #0143,Merchandise,3.91,
2022-07-01,2022-07-04,7642,FRED S LIQUOR & DELI,Merchandise,31.48,
2022-07-01,2022-07-04,7642,FRED S LIQUOR & DELI,Merchandise,12.40,
2022-07-02,2022-07-04,7642,SQ *MAMACITAS CATERING,Dining,8.55,
2022-07-02,2022-07-04,7642,AMZN Mktp US*U372V5W43,Merchandise,86.89,
2022-07-02,2022-07-04,7642,AMZN Mktp US*4R0DE7123,Merchandise,17.86,
2022-07-02,2022-07-02,7642,AMAZON.COM*QS5TM5873 AMZN,Merchandise,89.06,
2022-06-30,2022-07-02,7642,FRED S LIQUOR & DELI,Merchandise,10.01,
2022-06-29,2022-07-02,7642,AL HAMRA,Dining,27.58,
2022-06-30,2022-07-02,7642,K&H Liquors,Merchandise,1.56,
2022-07-01,2022-07-02,7642,SQ *TAQUERIA EL BUEN SABO,Dining,22.30,
2022-07-01,2022-07-02,7642,TST* UNO DOS TACOS,Dining,20.61,
2022-07-01,2022-07-02,7642,SEES CANDY 0547,Merchandise,19.52,
2022-07-01,2022-07-01,7642,LS HEALTHY SPIRITS,Merchandise,46.70,
2022-06-29,2022-07-01,7642,24 HOUR FITNESS - 545 - P,Entertainment,3.26,
2022-06-28,2022-06-30,7642,FRED S LIQUOR & DELI,Merchandise,3.00,
2022-06-28,2022-06-30,7642,FRED S LIQUOR & DELI,Merchandise,3.75,
2022-06-28,2022-06-30,7642,24 HOUR FITNESS - 545 - P,Entertainment,3.00,
2022-06-29,2022-06-29,7642,CAPITAL ONE MOBILE PYMT,Payment/Credit,,681.82
2022-06-27,2022-06-29,7642,FRED S LIQUOR & DELI,Merchandise,5.50,
2022-06-27,2022-06-29,7642,FRED S LIQUOR & DELI,Merchandise,8.00,
2022-06-28,2022-06-29,7642,SQ *VERVE COFFEE ROASTERS,Dining,6.25,
2022-06-27,2022-06-29,7642,24 HOUR FITNESS - 545 - P,Entertainment,3.00,
2022-06-27,2022-06-27,7642,LS HEALTHY SPIRITS,Merchandise,16.28,
2022-06-25,2022-06-27,7642,FRED S LIQUOR & DELI,Merchandise,6.75,
2022-06-26,2022-06-27,7642,SQ *VERVE COFFEE ROASTERS,Dining,12.08,
2022-06-25,2022-06-27,7642,24 HOUR FITNESS - 545 - P,Entertainment,3.26,
2022-06-24,2022-06-27,7642,FRED S LIQUOR & DELI,Merchandise,29.00,
2022-06-24,2022-06-27,7642,FRED S LIQUOR & DELI,Merchandise,8.20,
2022-06-25,2022-06-27,7642,TST* AAHA INDIAN CUISINE,Dining,87.33,
2022-06-23,2022-06-27,7642,CLIPPER SYSTEMS MOBILE #1,Other Travel,5.00,
2022-06-23,2022-06-25,7642,K&H Liquors,Merchandise,3.12,
2022-06-23,2022-06-25,7642,24 HOUR FITNESS - 545 - P,Entertainment,3.26,
2022-06-22,2022-06-24,7642,FRED S LIQUOR & DELI,Merchandise,5.50,
2022-06-23,2022-06-24,7642,PANZON,Dining,16.30,
2022-06-23,2022-06-24,7642,Etsy.com - RedBarkWeldin,Merchandise,124.92,
2022-06-22,2022-06-24,7642,24 HOUR FITNESS - 545 - P,Entertainment,3.26,
2022-06-21,2022-06-23,7642,K&H Liquors,Merchandise,3.12,
2022-06-21,2022-06-22,7642,CHIPOTLE 0839,Dining,13.99,
2022-06-20,2022-06-22,7642,FRED S LIQUOR & DELI,Merchandise,1.50,
2022-06-20,2022-06-22,7642,FRED S LIQUOR & DELI,Merchandise,3.00,
2022-06-20,2022-06-22,7642,FRED S LIQUOR & DELI,Merchandise,26.00,
2022-06-20,2022-06-22,7642,24 HOUR FITNESS - 545 - P,Entertainment,3.26,
2022-06-19,2022-06-21,7642,FRED S LIQUOR & DELI,Merchandise,4.50,
2022-06-18,2022-06-20,7642,CITY OF PACIFICA - PAR,Other Services,9.00,
2022-06-19,2022-06-20,7642,SQ *FOUR BARREL COFFEE VA,Dining,12.80,
2022-06-18,2022-06-20,7642,IN N OUT BURGER 159,Dining,24.78,
2022-06-17,2022-06-20,7642,FRED S LIQUOR & DELI,Merchandise,5.25,
2022-06-18,2022-06-20,7642,SQ *FOUR BARREL COFFEE VA,Dining,10.27,
2022-06-17,2022-06-20,7642,24 HOUR FITNESS - 545 - P,Entertainment,3.26,
2022-06-17,2022-06-18,7642,TAP AIRLINE 0470003072147,Airfare,,383.80
2022-06-16,2022-06-18,7642,FRED S LIQUOR & DELI,Merchandise,5.25,
2022-06-17,2022-06-18,7642,FASTRAK VIOLATION CENT,Gas/Automotive,21.00,
2022-06-17,2022-06-17,7642,COTFLT,Other Travel,395.10,
2022-06-15,2022-06-17,7642,FRED S LIQUOR & DELI,Merchandise,3.00,
2022-06-15,2022-06-17,7642,24 HOUR FITNESS - 545 - P,Entertainment,3.26,
2022-06-14,2022-06-16,7642,FRED S LIQUOR & DELI,Merchandise,3.00,
2022-06-14,2022-06-16,7642,FRED S LIQUOR & DELI,Merchandise,32.99,
2022-06-14,2022-06-16,7642,FRED S LIQUOR & DELI,Merchandise,3.99,
2022-06-14,2022-06-16,7642,24 HOUR FITNESS - 545 - P,Entertainment,3.00,
2022-06-14,2022-06-15,7642,TRULY MEDITERRANEAN,Dining,20.73,
2022-06-13,2022-06-15,7642,FRED S LIQUOR & DELI,Merchandise,3.00,
2022-06-13,2022-06-15,7642,24 HOUR FITNESS - 545 - P,Entertainment,3.00,
2022-06-13,2022-06-14,7642,SQ *VERVE COFFEE ROASTERS,Dining,6.25,
2022-06-12,2022-06-14,7642,FRED S LIQUOR & DELI,Merchandise,16.98,
2022-06-13,2022-06-13,7642,CAPITAL ONE MOBILE PYMT,Payment/Credit,,3802.13
2022-06-11,2022-06-13,7642,FRED S LIQUOR & DELI,Merchandise,9.50,
2022-06-11,2022-06-13,7642,DRAGONEATS,Dining,25.53,
2022-06-11,2022-06-13,7642,SQ *JOYRIDE PIZZA (THE MI,Dining,8.59,
2022-06-11,2022-06-13,7642,E AND M MARKET,Merchandise,19.49,
2022-06-11,2022-06-13,7642,SQ *FOUR BARREL COFFEE VA,Dining,13.36,
2022-06-11,2022-06-13,7642,SQ *JOYRIDE PIZZA (THE MI,Dining,23.61,
2022-06-09,2022-06-11,7642,FRED S LIQUOR & DELI,Merchandise,10.74,
2022-06-10,2022-06-11,7642,PROGRESSIVE *INSURANCE,Insurance,314.83,
2022-06-10,2022-06-11,7642,SQ *STREET MEET TACOS #1,Dining,16.88,
2022-06-09,2022-06-11,7642,TST* Yank Sing - Stevenso,Dining,30.15,
2022-06-09,2022-06-11,7642,24 HOUR FITNESS - 545 - P,Entertainment,3.26,
2022-06-08,2022-06-10,7642,FRED S LIQUOR & DELI,Merchandise,3.00,
2022-06-08,2022-06-10,7642,24 HOUR FITNESS - 545 - P,Entertainment,3.00,
2022-06-08,2022-06-09,7642,KIWI.COM,Other Travel,486.97,
2022-06-07,2022-06-09,7642,FRED S LIQUOR & DELI,Merchandise,3.00,
2022-06-07,2022-06-09,7642,FRED S LIQUOR & DELI,Merchandise,5.35,
2022-06-08,2022-06-09,7642,LS HEALTHY SPIRITS,Merchandise,21.88,
2022-06-07,2022-06-09,7642,24 HOUR FITNESS - 545 - P,Entertainment,3.26,
2022-06-08,2022-06-09,7642,AXS.COM*NORTHERN CA,Entertainment,418.50,
2022-06-07,2022-06-08,7642,TAP AIRLINE 0470003072147,Airfare,383.80,
2022-06-06,2022-06-08,7642,FRED S LIQUOR & DELI,Merchandise,4.75,
2022-06-06,2022-06-07,7642,SQ *STREET MEET TACOS #1,Dining,15.59,
2022-06-05,2022-06-07,7642,STARBUCKS STORE 05632,Dining,7.50,
2022-06-05,2022-06-07,7642,SAFEWAY #0304,Merchandise,18.31,
2022-06-05,2022-06-07,7642,TACO BELL 30754,Dining,38.00,
2022-06-05,2022-06-06,7642,NOR CAL SURF SHOP,Merchandise,3.01,
2022-06-05,2022-06-06,7642,NOR CAL SURF SHOP,Merchandise,68.91,
2022-06-04,2022-06-06,7642,CLIF FAMILY WINES,Entertainment,45.47,
2022-06-04,2022-06-06,7642,THE MONK'S KETTLE,Dining,269.52,
2022-06-05,2022-06-06,7642,RESIDENCE INN WALNUT C,Lodging,10.83,
2022-06-04,2022-06-06,7642,TST* Bouchon Bistro,Dining,500.00,
2022-06-03,2022-06-06,7642,FRED S LIQUOR & DELI,Merchandise,6.00,
2022-06-04,2022-06-06,7642,SQ *MILK - SF LLC,Dining,30.42,
2022-06-03,2022-06-06,7642,ARCO#03002BIUON INC,Gas/Automotive,70.81,
2022-06-03,2022-06-04,7642,TENDER GREENS SANTA CLAR,Dining,22.52,
2022-06-03,2022-06-04,7642,CMSVEND*CV SAN JOSE,Dining,1.25,
2022-06-04,2022-06-04,7642,LS HEALTHY SPIRITS,Merchandise,27.15,
2022-06-04,2022-06-04,7642,LS HEALTHY SPIRITS,Merchandise,108.61,
2022-06-02,2022-06-04,7642,K&H Liquors,Merchandise,3.12,
2022-06-02,2022-06-03,7642,CHIPOTLE 0839,Dining,10.65,
2022-06-01,2022-06-03,7642,FRED S LIQUOR & DELI,Merchandise,3.00,
2022-06-01,2022-06-03,7642,FRED S LIQUOR & DELI,Merchandise,6.51,
2022-06-01,2022-06-03,7642,FRED S LIQUOR & DELI,Merchandise,1.75,
2022-06-01,2022-06-03,7642,24 HOUR FITNESS - 545 - P,Entertainment,3.26,
2022-06-01,2022-06-02,7642,SQ *STREET MEET TACOS #1,Dining,16.88,
2022-05-31,2022-06-02,7642,E AND M MARKET,Merchandise,6.73,
2022-05-30,2022-06-02,7642,AL HAMRA,Dining,44.63,
2022-05-31,2022-06-02,7642,SAFEWAY #1507,Merchandise,53.36,
2022-05-31,2022-06-02,7642,24 HOUR FITNESS - 545 - P,Entertainment,3.26,
2022-05-31,2022-06-01,7642,TRULY MEDITERRANEAN,Dining,19.89,
2022-05-30,2022-06-01,7642,FRED S LIQUOR & DELI,Merchandise,3.00,
2022-05-30,2022-06-01,7642,7-ELEVEN 33006,Gas/Automotive,2.94,
2022-05-31,2022-05-31,7642,LS HEALTHY SPIRITS,Merchandise,9.85,
2022-05-29,2022-05-31,7642,FRED S LIQUOR & DELI,Merchandise,5.75,
2022-05-29,2022-05-31,7642,SMITTEN ICE CREAM MISSION,Dining,18.06,
2022-05-28,2022-05-30,7642,FRED S LIQUOR & DELI,Merchandise,3.50,
2022-05-29,2022-05-30,7642,SQ *VERVE COFFEE ROASTERS,Dining,12.08,
2022-05-29,2022-05-30,7642,TST* MENYA KANEMARU,Dining,114.30,
2022-05-28,2022-05-30,7642,SPOTLITE MARKET,Merchandise,2.18,
2022-05-28,2022-05-30,7642,SQ *VERVE COFFEE ROASTERS,Dining,5.00,
2022-05-27,2022-05-30,7642,SAFEWAY #1507,Merchandise,101.52,
2022-05-27,2022-05-30,7642,24 HOUR FITNESS - 545 - P,Entertainment,3.26,
2022-05-27,2022-05-28,7642,FASTRAK VIOLATION CENT,Gas/Automotive,30.00,
2022-05-26,2022-05-27,7642,V SATTUI WINERY WEB,Merchandise,269.38,
2022-05-26,2022-05-26,7642,CAPITAL ONE MEMBER FEE,Fee/Interest Charge,95.00,

